Northstar Build & Restoration - Estimator Bid Worksheet,,,,,,
Toronto Civic Library Emergency Restoration,,,,,,
Cost Code,Description,Quantity,Unit,Unit Rate,Labor Cost,Material Cost,Equipment Cost,Subcontract Cost,Overhead Cost
01-100,Emergency mobilization and site setup,1,LS,2100,0,0,0,0,2100
02-210,Water extraction and drying labour,112,hours,54,6048,0,0,0,0
02-220,Air movers and dehumidifiers,18,days,190,0,0,3420,0,0
03-310,Temporary containment labour,33,hours,54,1782,0,0,0,0
03-320,Containment poly and consumables,1,LS,1490,0,1490,0,0,0
09-900,Final cleaning subcontractor,1,LS,850,0,0,0,850,0
99-100,Project supervision and insurance,1,LS,1750,0,0,0,0,1750
Subtotal,,,,,7830,1490,3420,850,3850
